{
  "system": true,
  "name": "ProperOS 2 App Store",
  "package": "properos.app.store",
  "version": "0",
  "icon": "@resources/icon/admin.png",
  "startUrl": {
    "qiyue": true,
    "url": "https://www.cdifit.cn/s/Y0Vsw"
  },
  "systemUi": {
    "qiyue": false,
    "ui": "",
    "variable": ""
  },
  "sign": {
    "uuid": "properos.app.store",
    "byusi": {
      "uuid": "bc2095ff41ffd5d78eab216bd2fee908c9599e385276cd8858b565a8431da059",
      "email": "177828525@qq.com"
    }
  },
  "guide": ""
}